{"cameraMode":{"drawMode":0,"name":"Shaded","section":"Shading Mode"},"sceneLighting":false,"audioPlay":false,"sceneViewState":{"showFog":true,"showMaterialUpdate":true,"showSkybox":true,"showFlares":true,"showImageEffects":true,"showParticleSystems":true},"in2DMode":false,"pivot":{"x":-0.2218835949897766,"y":0.12587851285934449,"z":0.2727392315864563},"rotation":{"x":0.14914022386074067,"y":0.8206053972244263,"z":-0.2484581619501114,"w":0.49257752299308779},"size":0.9410321116447449,"orthographic":false}