{"cameraMode":{"drawMode":0,"name":"Shaded","section":"Shading Mode"},"sceneLighting":false,"audioPlay":false,"sceneViewState":{"showFog":true,"showMaterialUpdate":false,"showSkybox":true,"showFlares":true,"showImageEffects":true,"showParticleSystems":true},"in2DMode":false,"pivot":{"x":39.01013946533203,"y":0.7335102558135986,"z":-41.83771514892578},"rotation":{"x":0.14584290981292725,"y":0.854028582572937,"z":-0.3450848460197449,"w":0.36094537377357485},"size":3.8026609420776369,"orthographic":false}