{"cameraMode":{"drawMode":0,"name":"Shaded","section":"Shading Mode"},"sceneLighting":false,"audioPlay":false,"sceneViewState":{"showFog":true,"showMaterialUpdate":false,"showSkybox":true,"showFlares":true,"showImageEffects":true,"showParticleSystems":true},"in2DMode":false,"pivot":{"x":-3.998250961303711,"y":0.9745593667030335,"z":2.2477431297302248},"rotation":{"x":-0.1590125858783722,"y":-0.5127055644989014,"z":0.09728080779314041,"w":-0.838083803653717},"size":5.620774269104004,"orthographic":false}