{"cameraMode":{"drawMode":0,"name":"Shaded","section":"Shading Mode"},"sceneLighting":false,"audioPlay":false,"sceneViewState":{"showFog":true,"showMaterialUpdate":false,"showSkybox":true,"showFlares":true,"showImageEffects":true,"showParticleSystems":true},"in2DMode":false,"pivot":{"x":0.09289771318435669,"y":0.6089093685150147,"z":5.365511417388916},"rotation":{"x":-0.1590125858783722,"y":-0.5127055644989014,"z":0.09728080779314041,"w":-0.838083803653717},"size":4.652374267578125,"orthographic":false}