{"cameraMode":{"drawMode":0,"name":"Shaded","section":"Shading Mode"},"sceneLighting":true,"audioPlay":false,"sceneViewState":{"showFog":true,"showMaterialUpdate":false,"showSkybox":true,"showFlares":true,"showImageEffects":true,"showParticleSystems":true},"in2DMode":false,"pivot":{"x":148.51199340820313,"y":-3.9809999465942385,"z":1.1920000314712525},"rotation":{"x":-0.004509711172431707,"y":0.660724401473999,"z":0.00395014975219965,"w":0.7506046295166016},"size":22.0,"orthographic":false}