{"cameraMode":{"drawMode":0,"name":"Shaded","section":"Shading Mode"},"sceneLighting":true,"audioPlay":false,"sceneViewState":{"showFog":true,"showMaterialUpdate":false,"showSkybox":true,"showFlares":true,"showImageEffects":true,"showParticleSystems":true},"in2DMode":false,"pivot":{"x":92.71430206298828,"y":-9.774799346923829,"z":-0.28471899032592776},"rotation":{"x":-0.06518947333097458,"y":-0.9285576939582825,"z":0.19645950198173524,"w":-0.3081146478652954},"size":3.673431634902954,"orthographic":false}