{"cameraMode":{"drawMode":0,"name":"Shaded","section":"Shading Mode"},"sceneLighting":false,"audioPlay":false,"sceneViewState":{"showFog":true,"showMaterialUpdate":false,"showSkybox":true,"showFlares":true,"showImageEffects":true,"showParticleSystems":true},"in2DMode":false,"pivot":{"x":-27.914968490600587,"y":4.010684490203857,"z":0.479034960269928},"rotation":{"x":0.05230451002717018,"y":0.9437041878700256,"z":-0.1819889396429062,"w":0.2712317705154419},"size":38.025543212890628,"orthographic":false}