{"cameraMode":{"drawMode":0,"name":"Shaded","section":"Shading Mode"},"sceneLighting":true,"audioPlay":false,"sceneViewState":{"showFog":true,"showMaterialUpdate":false,"showSkybox":true,"showFlares":true,"showImageEffects":true,"showParticleSystems":true},"in2DMode":false,"pivot":{"x":39.38044357299805,"y":0.41786670684814455,"z":-41.342979431152347},"rotation":{"x":-0.08510974049568176,"y":0.8163642287254334,"z":-0.12464125454425812,"w":-0.5574678778648377},"size":3.2026610374450685,"orthographic":false}