{"cameraMode":{"drawMode":0,"name":"Shaded","section":"Shading Mode"},"sceneLighting":true,"audioPlay":false,"sceneViewState":{"showFog":true,"showMaterialUpdate":false,"showSkybox":true,"showFlares":true,"showImageEffects":true,"showParticleSystems":true},"in2DMode":false,"pivot":{"x":94.3389663696289,"y":-9.510050773620606,"z":-0.15103329718112946},"rotation":{"x":-0.06362414360046387,"y":0.8946781158447266,"z":0.13521747291088105,"w":0.4209742248058319},"size":1.6651301383972169,"orthographic":false}